{"MSE": 2.4533317324042234, "_timestamp": 1686078119.1403987, "_runtime": 5.40636682510376, "_step": 0, "_wandb": {"runtime": 4}}