{"MSE": 2.4495295602113853, "_timestamp": 1686078183.3101041, "_runtime": 8.340362071990967, "_step": 0, "_wandb": {"runtime": 7}}