{"Validation/Accuracy": 6.022036669994053, "_timestamp": 1686076815.7588475, "_runtime": 8.978796482086182, "_step": 0, "_wandb": {"runtime": 8}}