{"MSE": 2.448811295529594, "_timestamp": 1686078136.7116306, "_runtime": 6.901851654052734, "_step": 0, "_wandb": {"runtime": 6}}