{"MSE": 2.448485889043172, "_timestamp": 1686078203.4508214, "_runtime": 7.292734384536743, "_step": 0, "_wandb": {"runtime": 6}}