{"MSE": 2.4496852380664604, "_timestamp": 1686078163.6191578, "_runtime": 7.681175708770752, "_step": 0, "_wandb": {"runtime": 7}}